model,mode,embed_model,gpt_model,sections,embeds,accuracy,precision,recall,f1,roc_auc,hold_accuracy,hold_precision,hold_recall,hold_f1,hold_roc_auc,file
logistic,inprompt,SFR-Embedding-Mistral,gpt4,all,all_embeds,0.9336353944562901,0.8253178551686015,0.8100588550026753,0.8238362760834671,0.9356607811663992,0.6390483586935719,0.3396425901027516,0.37805908866307003,0.40090364814871643,0.741786683315601,inprompt_SFR-Embedding-Mistral_gpt4_embeddings.csv
logistic,inprompt,SFR-Embedding-Mistral,gpt4,all,support,0.9281716417910447,0.8264234383637368,0.7708667736757624,0.8172819689673623,0.9523809523809523,0.6450856091216635,0.3031349974197703,0.29795071119517336,0.3393384997597086,0.8247315033221289,inprompt_SFR-Embedding-Mistral_gpt4_embeddings.csv
logistic,inprompt,SFR-Embedding-Mistral,gpt4,all,refute,0.8619402985074627,0.8311221669430625,0.7799625468164795,0.7901284109149277,0.8509898341359016,0.31197425185172745,0.399121817822512,0.30474940864702277,0.3961217869395003,0.5559100952483036,inprompt_SFR-Embedding-Mistral_gpt4_embeddings.csv
rf,inprompt,SFR-Embedding-Mistral,gpt4,all,all_embeds,0.8746668443496802,0.8208264234383637,0.8543338683788123,0.860553772070626,0.9024879614767255,0.5859995976724676,0.348754660435738,0.4259564551583237,0.3140733159481544,0.6524588061596206,inprompt_SFR-Embedding-Mistral_gpt4_embeddings.csv
rf,inprompt,SFR-Embedding-Mistral,gpt4,all,support,0.8525453091684435,0.8100469872857933,0.8097913322632424,0.8584135901551633,0.936597110754414,0.5934104400838924,0.3609470544421482,0.38863745263631044,0.36571936215857065,0.7173549194144467,inprompt_SFR-Embedding-Mistral_gpt4_embeddings.csv
rf,inprompt,SFR-Embedding-Mistral,gpt4,all,refute,0.7798507462686566,0.779090657822001,0.735888175494917,0.7382958801498127,0.9189406099518459,0.42005959694333006,0.30980005130761334,0.31632228243975946,0.2556760110544711,0.5835634185522697,inprompt_SFR-Embedding-Mistral_gpt4_embeddings.csv
knn,inprompt,SFR-Embedding-Mistral,gpt4,all,all_embeds,0.7338752665245202,0.7839966832504146,0.7489967897271268,0.7554173354735153,0.8749331193151417,0.39551158301158307,0.24566504792493493,0.28878183662713053,0.31053960928720886,0.6174748167668622,inprompt_SFR-Embedding-Mistral_gpt4_embeddings.csv
knn,inprompt,SFR-Embedding-Mistral,gpt4,all,support,0.6679770788912581,0.7350055279159756,0.7215088282504013,0.7863830925628679,0.897940074906367,0.30634652509652505,0.19150405154982664,0.21494289272739636,0.37887449025105135,0.6099632133619844,inprompt_SFR-Embedding-Mistral_gpt4_embeddings.csv
knn,inprompt,SFR-Embedding-Mistral,gpt4,all,refute,0.7655916844349681,0.7560116086235489,0.7173622257891921,0.7340155163188871,0.8549357945425362,0.4212583449036651,0.23304326096900752,0.24075612987876197,0.3047777273076529,0.5230896577740877,inprompt_SFR-Embedding-Mistral_gpt4_embeddings.csv
logistic,rag,SFR-Embedding-Mistral,gpt35,all,all_embeds,0.8022130013831259,0.7322916666666666,0.7456845238095239,0.7587797619047619,0.9018518518518518,0.4482491965454112,0.280986275310009,0.27345987066131366,0.40045108603718954,0.6918793521562928,rag_SFR-Embedding-Mistral_gpt35_embeddings.csv
logistic,rag,SFR-Embedding-Mistral,gpt35,all,support,0.8410942062394344,0.6882440476190476,0.624702380952381,0.7607142857142858,0.8612654320987655,0.42132342392725075,0.25154976397897044,0.24415304500646573,0.35096662986876576,0.6613039883681261,rag_SFR-Embedding-Mistral_gpt35_embeddings.csv
logistic,rag,SFR-Embedding-Mistral,gpt35,all,refute,0.6987090825265099,0.6407738095238096,0.7637648809523809,0.7148809523809523,0.8189814814814815,0.20425571015050428,0.1628671221878059,0.2792211707100033,0.29672581866185,0.5153785419875784,rag_SFR-Embedding-Mistral_gpt35_embeddings.csv
rf,rag,SFR-Embedding-Mistral,gpt35,all,all_embeds,0.7458122022437376,0.7123511904761904,0.7095238095238094,0.7497767857142856,0.8854166666666667,0.4170592791706859,0.360583540498171,0.20648335818838084,0.30068367815775787,0.6384915855777604,rag_SFR-Embedding-Mistral_gpt35_embeddings.csv
rf,rag,SFR-Embedding-Mistral,gpt35,all,support,0.7815429537421238,0.7089285714285714,0.6732886904761906,0.7892857142857143,0.8756172839506172,0.382024351077821,0.2624171011843759,0.23158798235292424,0.26140325735883896,0.5411084658858598,rag_SFR-Embedding-Mistral_gpt35_embeddings.csv
rf,rag,SFR-Embedding-Mistral,gpt35,all,refute,0.805901337021669,0.6076636904761905,0.6826636904761905,0.65,0.7935956790123456,0.23396449314669332,0.12889575882637808,0.16081493271459663,0.1494117355212442,0.22357919103582044,rag_SFR-Embedding-Mistral_gpt35_embeddings.csv
knn,rag,SFR-Embedding-Mistral,gpt35,all,all_embeds,0.5432611034270785,0.6219494047619047,0.6171130952380952,0.7024553571428572,0.8296296296296297,0.13276211534918003,0.14431851368028362,0.1456301750167549,0.25822467648590486,0.5379403196984162,rag_SFR-Embedding-Mistral_gpt35_embeddings.csv
knn,rag,SFR-Embedding-Mistral,gpt35,all,support,0.5714615029967727,0.6244791666666667,0.6665178571428572,0.7043154761904762,0.8403549382716049,0.14381794730053438,0.14066096450904064,0.20639662236817094,0.284772565742715,0.5109622008633786,rag_SFR-Embedding-Mistral_gpt35_embeddings.csv
knn,rag,SFR-Embedding-Mistral,gpt35,all,refute,0.5982019363762102,0.5985119047619047,0.5395089285714285,0.6760416666666667,0.8183641975308641,0.18329648056016215,0.15739542085490915,0.11048771255707003,0.22789300251986822,0.37888423223830625,rag_SFR-Embedding-Mistral_gpt35_embeddings.csv
logistic,inprompt,ember-v1,gpt4,all,all_embeds,0.8719349680170576,0.8630458817025981,0.733681112894596,0.8164794007490637,0.8806848582129481,0.4823423260383182,0.37770467765158455,0.22768326248268717,0.4323704865082071,0.559739445700362,inprompt_ember-v1_gpt4_embeddings.csv
logistic,inprompt,ember-v1,gpt4,all,support,0.869136460554371,0.8522664455500276,0.7280631353665061,0.815275548421616,0.8889780631353665,0.48768636020559497,0.36218606078813786,0.20315693400786605,0.4122511635455179,0.6003283997051035,inprompt_ember-v1_gpt4_embeddings.csv
logistic,inprompt,ember-v1,gpt4,all,refute,0.8214285714285714,0.8063156440022112,0.696629213483146,0.7755484216158373,0.841091492776886,0.3693973190597467,0.3491162699981596,0.24389815670569148,0.39619394822375753,0.45203772401209946,inprompt_ember-v1_gpt4_embeddings.csv
rf,inprompt,ember-v1,gpt4,all,all_embeds,0.8194962686567164,0.7803344389165283,0.7850454788657036,0.7718031032637774,0.9201444622792937,0.439564004537406,0.40300553284907425,0.3624618296966003,0.2974093086592069,0.6678683730716994,inprompt_ember-v1_gpt4_embeddings.csv
rf,inprompt,ember-v1,gpt4,all,support,0.7610607675906182,0.8293946932006633,0.7746120920278223,0.7748796147672552,0.8786784376672018,0.4176979078273735,0.3863726567664488,0.30623099779910823,0.3799950065734763,0.6497162089596459,inprompt_ember-v1_gpt4_embeddings.csv
rf,inprompt,ember-v1,gpt4,all,refute,0.7545975479744137,0.7862078496406852,0.7524077046548957,0.6621856607811665,0.8763376136971643,0.27986635296837914,0.32172015054933567,0.29320381878595064,0.2455114070886877,0.5190858397721306,inprompt_ember-v1_gpt4_embeddings.csv
knn,inprompt,ember-v1,gpt4,all,all_embeds,0.6958288912579959,0.7648562741846323,0.7422418405564473,0.7001070090957731,0.8737292669876939,0.29366444366444366,0.27631021607595063,0.29226809872852005,0.33402638874267465,0.6884245670324932,inprompt_ember-v1_gpt4_embeddings.csv
knn,inprompt,ember-v1,gpt4,all,support,0.5964818763326226,0.7154505251520176,0.7567549491706795,0.7007758159443551,0.8735955056179775,0.20646718146718146,0.22999931796955358,0.27405060170291884,0.3325099882213752,0.5873388338386202,inprompt_ember-v1_gpt4_embeddings.csv
knn,inprompt,ember-v1,gpt4,all,refute,0.7121535181236675,0.7551133222775014,0.7225120385232744,0.6851257356875333,0.8760032102728731,0.33700220628792055,0.2243327198391829,0.24836567495576528,0.32054718330725224,0.70075717043612,inprompt_ember-v1_gpt4_embeddings.csv
logistic,rag,ember-v1,gpt4,all,all_embeds,0.830090618336887,0.7757048092868989,0.6883360085607277,0.7451845906902087,0.8247726056714821,0.46173905435748713,0.2922540692916056,0.2706216585527619,0.4127469449122405,0.5275295451202984,rag_ember-v1_gpt4_embeddings.csv
logistic,rag,ember-v1,gpt4,all,support,0.8315565031982942,0.7195964621337756,0.6338951310861424,0.722980203317282,0.8417602996254682,0.38843035548013405,0.24884923076875898,0.22882376732530785,0.34225615784308233,0.46231509590847125,rag_ember-v1_gpt4_embeddings.csv
logistic,rag,ember-v1,gpt4,all,refute,0.7971748400852878,0.7905610834715312,0.7055912252541465,0.7411717495987158,0.8269796682718031,0.21322423784206193,0.2921052360122369,0.2555631638195907,0.41947527085322367,0.42418984899801865,rag_ember-v1_gpt4_embeddings.csv
rf,rag,ember-v1,gpt4,all,all_embeds,0.8370202558635395,0.7259535655058043,0.6715489566613162,0.7898608881754949,0.7978196896736223,0.5096007513723919,0.32480486727426633,0.25513188993591557,0.3415426844995734,0.4803745441235626,rag_ember-v1_gpt4_embeddings.csv
rf,rag,ember-v1,gpt4,all,support,0.853211620469083,0.7829601990049752,0.6858614232209739,0.7439138576779026,0.8517255216693419,0.4505854335068285,0.36089095393536486,0.26283181114615994,0.29643022749217146,0.5188528248269401,rag_ember-v1_gpt4_embeddings.csv
rf,rag,ember-v1,gpt4,all,refute,0.7832489339019191,0.6598949695964621,0.6580390583199571,0.6684055644729802,0.7189004815409309,0.22937281981267937,0.1866584293429989,0.17126161380604712,0.1861505370243661,0.2930722211245811,rag_ember-v1_gpt4_embeddings.csv
knn,rag,ember-v1,gpt4,all,all_embeds,0.6089418976545842,0.5466417910447761,0.7529427501337613,0.6974317817014446,0.7972177635098983,0.19668999356499356,0.11088066568292558,0.25403843034388895,0.3536248748113155,0.5190207917367315,rag_ember-v1_gpt4_embeddings.csv
knn,rag,ember-v1,gpt4,all,support,0.6369936034115139,0.6940989496959648,0.671147672552167,0.7574906367041199,0.884095773140717,0.2021762021762022,0.1706438162488616,0.21217149240950178,0.3702553029429543,0.624055729418613,rag_ember-v1_gpt4_embeddings.csv
knn,rag,ember-v1,gpt4,all,refute,0.5724946695095949,0.5812603648424544,0.7766185125735686,0.6471375066880685,0.7502006420545746,0.14147821290678433,0.12107452010440414,0.3271225912872402,0.25068578260330754,0.3508901865831078,rag_ember-v1_gpt4_embeddings.csv
logistic,basic,ember-v1,gpt35,all,all_embeds,0.8240938166311301,0.7824765063571033,0.7142857142857142,0.7041198501872659,0.8776083467094703,0.44854376843929117,0.28116482244868973,0.24389864512706458,0.2814430327830447,0.6562859320273187,basic_ember-v1_gpt35_embeddings.csv
logistic,basic,ember-v1,gpt35,all,support,0.8342217484008528,0.7280265339966833,0.7372926698769395,0.6859283039058319,0.8329320492241841,0.48188910830082726,0.19737970853877274,0.2949227204834531,0.2916365091131656,0.5436088647293493,basic_ember-v1_gpt35_embeddings.csv
logistic,basic,ember-v1,gpt35,all,refute,0.8200959488272921,0.7790215588723052,0.6413857677902621,0.7241171749598715,0.8719234884965221,0.3974980206294553,0.4266119558547512,0.16996124831596227,0.3068747948452586,0.6316719110477687,basic_ember-v1_gpt35_embeddings.csv
rf,basic,ember-v1,gpt35,all,all_embeds,0.8310234541577826,0.7414317302377004,0.7221107544141251,0.7506688068485822,0.9100454788657035,0.4394797318720205,0.2846140545760569,0.30089970725160925,0.33795077121337025,0.649315912012401,basic_ember-v1_gpt35_embeddings.csv
rf,basic,ember-v1,gpt35,all,support,0.8428837953091685,0.7737700386954118,0.7536784376672017,0.6930845371856608,0.8649010165864099,0.48081329623781965,0.28596940055499537,0.2970110062362597,0.3292375456373301,0.5404232344132981,basic_ember-v1_gpt35_embeddings.csv
rf,basic,ember-v1,gpt35,all,refute,0.8125,0.7586373687119955,0.6640583199571964,0.7100053504547886,0.8386837881219903,0.4580317733311641,0.2552550582804743,0.20626977822175158,0.2851779818684032,0.28443898672339185,basic_ember-v1_gpt35_embeddings.csv
knn,basic,ember-v1,gpt35,all,all_embeds,0.6729744136460554,0.7553897180762852,0.6795077581594435,0.700040128410915,0.8603531300160514,0.3444694694694695,0.31137052129197645,0.21019903348024618,0.35518708503422586,0.6554166632924924,basic_ember-v1_gpt35_embeddings.csv
knn,basic,ember-v1,gpt35,all,support,0.6571828358208956,0.7487562189054726,0.6596441947565543,0.71669341894061,0.8926565008025681,0.2754070841027363,0.2635945138769997,0.17665568110483365,0.34555930353960534,0.6051390582995018,basic_ember-v1_gpt35_embeddings.csv
knn,basic,ember-v1,gpt35,all,refute,0.6915644989339019,0.7620923161967937,0.6682718031032637,0.6969636169074371,0.8711878009630819,0.33806765949623085,0.28706519713631046,0.2591032477134263,0.3285987147027314,0.6766447262865865,basic_ember-v1_gpt35_embeddings.csv
logistic,rag,ember-v1,gpt35,all,all_embeds,0.8019056400799139,0.6017857142857143,0.6925595238095238,0.7001488095238094,0.8050925925925926,0.4078052448971773,0.2224124859863833,0.25547075928062846,0.2748017969288763,0.4839018036845578,rag_ember-v1_gpt35_embeddings.csv
logistic,rag,ember-v1,gpt35,all,support,0.8045182111572152,0.553125,0.6558035714285715,0.6611607142857143,0.769753086419753,0.3384193314459274,0.27785821079465356,0.20985886412227517,0.22233058885824447,0.41007562818653487,rag_ember-v1_gpt35_embeddings.csv
logistic,rag,ember-v1,gpt35,all,refute,0.6734286153373291,0.5855654761904762,0.661235119047619,0.694047619047619,0.7828703703703703,0.1995352817484653,0.14811303861326588,0.2580187999370762,0.302314792247949,0.3406199255135528,rag_ember-v1_gpt35_embeddings.csv
rf,rag,ember-v1,gpt35,all,all_embeds,0.7706316274781004,0.6733630952380952,0.7229166666666667,0.7027529761904763,0.7828703703703704,0.39630839261733425,0.2851442593111113,0.23414265661672978,0.3308129984660544,0.39514996759388876,rag_ember-v1_gpt35_embeddings.csv
rf,rag,ember-v1,gpt35,all,support,0.7448901183341017,0.6537946428571428,0.7035714285714286,0.6901785714285714,0.7765432098765432,0.3454848637264322,0.2658232202132047,0.2119915235064912,0.24454814885427795,0.43445995535899334,rag_ember-v1_gpt35_embeddings.csv
rf,rag,ember-v1,gpt35,all,refute,0.7378208083602275,0.5912946428571428,0.6144345238095238,0.608110119047619,0.6394290123456791,0.20801046103659554,0.12626737730694346,0.17200170239643137,0.13424445179417444,0.14830538425660422,rag_ember-v1_gpt35_embeddings.csv
knn,rag,ember-v1,gpt35,all,all_embeds,0.6201782695558629,0.6093005952380952,0.7677083333333333,0.5694196428571427,0.8354938271604938,0.202208653701191,0.1938390940662193,0.24627979677191525,0.14946496620242253,0.5495531829801493,rag_ember-v1_gpt35_embeddings.csv
knn,rag,ember-v1,gpt35,all,support,0.6219455970493314,0.7014880952380953,0.7276785714285714,0.4348214285714285,0.7535493827160494,0.19258864408118137,0.21060660552658395,0.2674804345182768,0.1657833282566758,0.3984155958250839,rag_ember-v1_gpt35_embeddings.csv
knn,rag,ember-v1,gpt35,all,refute,0.5706162594129399,0.5802083333333333,0.6613095238095238,0.599032738095238,0.8168209876543211,0.1654228855721393,0.16402565096594945,0.19310216414777182,0.17426843651697643,0.4661286736451401,rag_ember-v1_gpt35_embeddings.csv
logistic,basic,SFR-Embedding-Mistral,gpt35,all,all_embeds,0.8861940298507462,0.8027915975677169,0.814071696094168,0.7162921348314607,0.9236222578919209,0.5921819377833236,0.2771009892153542,0.3142945288137572,0.3594849724924231,0.6703992517906864,basic_SFR-Embedding-Mistral_gpt35_embeddings.csv
logistic,basic,SFR-Embedding-Mistral,gpt35,all,support,0.896588486140725,0.7743228302929795,0.7715355805243446,0.7141519529159979,0.870920278223649,0.6688106139244241,0.27562057828391573,0.35265016614807854,0.313646020761456,0.6729855949106486,basic_SFR-Embedding-Mistral_gpt35_embeddings.csv
logistic,basic,SFR-Embedding-Mistral,gpt35,all,refute,0.8562100213219617,0.7606412382531785,0.7316746923488496,0.7459202782236489,0.9112493311931513,0.44548517459000314,0.2472461961349306,0.25025027005733996,0.32539572598037386,0.6339581580987664,basic_SFR-Embedding-Mistral_gpt35_embeddings.csv
rf,basic,SFR-Embedding-Mistral,gpt35,all,all_embeds,0.8368203624733475,0.7979546710889994,0.8337346174424826,0.703852327447833,0.9038255751738898,0.4864493053022092,0.33420504819615665,0.3742557700783752,0.2988704118215591,0.6058513278270348,basic_SFR-Embedding-Mistral_gpt35_embeddings.csv
rf,basic,SFR-Embedding-Mistral,gpt35,all,support,0.8064365671641791,0.7893864013266998,0.776685393258427,0.7258560727661852,0.8719234884965222,0.5797531713900275,0.2793958334807415,0.2665953015513109,0.2822363124468824,0.5545578174306994,basic_SFR-Embedding-Mistral_gpt35_embeddings.csv
rf,basic,SFR-Embedding-Mistral,gpt35,all,refute,0.8413512793176974,0.7803344389165284,0.7574906367041199,0.7029828785446763,0.8449705724986624,0.48935561562751073,0.2831498722417084,0.3355794262598909,0.1848123790283785,0.2762486322034162,basic_SFR-Embedding-Mistral_gpt35_embeddings.csv
knn,basic,SFR-Embedding-Mistral,gpt35,all,all_embeds,0.6876332622601279,0.7506909894969597,0.6506821829855538,0.7595639379347244,0.8687800963081862,0.3241689965827897,0.250360206857382,0.16675508142831524,0.38084343360088696,0.539424517509679,basic_SFR-Embedding-Mistral_gpt35_embeddings.csv
knn,basic,SFR-Embedding-Mistral,gpt35,all,support,0.6902985074626866,0.7202183526810392,0.666466024612092,0.7429106474050294,0.8556046013911183,0.3238953238953239,0.24461116666638466,0.18651940519251461,0.32396330129380974,0.5172517268308686,basic_SFR-Embedding-Mistral_gpt35_embeddings.csv
knn,basic,SFR-Embedding-Mistral,gpt35,all,refute,0.6720415778251598,0.757600884466556,0.6426565008025682,0.6843231674692348,0.859617442482611,0.3412334528405957,0.24838768295503352,0.16265117108395544,0.3110907703986714,0.5125512852873628,basic_SFR-Embedding-Mistral_gpt35_embeddings.csv
logistic,rag,SFR-Embedding-Mistral,gpt35,WP,all_embeds,0.8833609729132116,0.8231066887783305,0.7598983413590155,0.7944087747458535,0.879079721776351,0.5175399003854716,0.32416659548496457,0.30504640952293,0.4215703337440409,0.5540992348951794,rag_SFR-Embedding-Mistral_gpt35_WP_embeddings.csv
logistic,rag,SFR-Embedding-Mistral,gpt35,WP,support,0.9072692095080155,0.8272526257600884,0.7632423756019261,0.8044408774745854,0.8816211878009631,0.599410578121505,0.31524594738330275,0.3193208069411153,0.3994822307439155,0.6064707279192665,rag_SFR-Embedding-Mistral_gpt35_WP_embeddings.csv
logistic,rag,SFR-Embedding-Mistral,gpt35,WP,refute,0.5181730237700387,0.5402155887230513,0.6075441412520065,0.5831326912787587,0.6630551096843231,0.09437700079860452,0.15298287671883304,0.1681479993147984,0.2918425060684907,0.358720928264702,rag_SFR-Embedding-Mistral_gpt35_WP_embeddings.csv
rf,rag,SFR-Embedding-Mistral,gpt35,WP,all_embeds,0.8682974018794914,0.8441127694859037,0.8022338148742644,0.7506688068485822,0.945024077046549,0.4424096892303309,0.34092406842482254,0.30733761989272707,0.4158620392789929,0.7596222274043128,rag_SFR-Embedding-Mistral_gpt35_WP_embeddings.csv
rf,rag,SFR-Embedding-Mistral,gpt35,WP,support,0.8793532338308456,0.8410724156992814,0.7958801498127341,0.7520733012306046,0.9596040663456393,0.5687004739629107,0.33346859202934576,0.3634062622843792,0.43066986479085234,0.8480571207467995,rag_SFR-Embedding-Mistral_gpt35_WP_embeddings.csv
rf,rag,SFR-Embedding-Mistral,gpt35,WP,refute,0.4972360420121614,0.4785793255942509,0.4662921348314607,0.5695559122525414,0.4095104333868378,0.08917893181203439,0.11816147068090153,0.08728841310980712,0.19576677864991499,0.07905059538997461,rag_SFR-Embedding-Mistral_gpt35_WP_embeddings.csv
knn,rag,SFR-Embedding-Mistral,gpt35,WP,all_embeds,0.6285931453841902,0.6970702045328911,0.7158239700374531,0.7457865168539326,0.8745318352059925,0.20735674717238795,0.20237081486160335,0.23185651700330873,0.3714297018242325,0.5290346450634744,rag_SFR-Embedding-Mistral_gpt35_WP_embeddings.csv
knn,rag,SFR-Embedding-Mistral,gpt35,WP,support,0.6887783305693754,0.7412244333886125,0.7853130016051364,0.717964151952916,0.8666399143927233,0.3283113622096673,0.21379763299397656,0.2643364995418328,0.34204210442165195,0.6398812799387861,rag_SFR-Embedding-Mistral_gpt35_WP_embeddings.csv
knn,rag,SFR-Embedding-Mistral,gpt35,WP,refute,0.535240464344942,0.576147042564953,0.5771803103263777,0.6050695559122525,0.6605805243445693,0.1464741577735928,0.13607589423824928,0.1447807371536185,0.2019918136746224,0.31986825588520507,rag_SFR-Embedding-Mistral_gpt35_WP_embeddings.csv
logistic,basic,SFR-Embedding-Mistral,gpt4,all,all_embeds,0.9504264392324094,0.8355444997236041,0.834804708400214,0.8089887640449438,0.9347244515783842,0.7662214035232736,0.30370920548171526,0.328730974918066,0.3177318001423475,0.7660249649038569,basic_SFR-Embedding-Mistral_gpt4_embeddings.csv
logistic,basic,SFR-Embedding-Mistral,gpt4,all,support,0.9363006396588487,0.8291873963515755,0.8008293204922419,0.7950775815944354,0.9138576779026216,0.765742732171845,0.30293476430828004,0.37481804435084914,0.32723173574152586,0.7266146459702825,basic_SFR-Embedding-Mistral_gpt4_embeddings.csv
logistic,basic,SFR-Embedding-Mistral,gpt4,all,refute,0.9161780383795309,0.8001658374792703,0.7867843766720171,0.7901284109149278,0.9353932584269663,0.6189116928273216,0.2737581018368964,0.2767215746809235,0.3463606344497857,0.7674526164741893,basic_SFR-Embedding-Mistral_gpt4_embeddings.csv
rf,basic,SFR-Embedding-Mistral,gpt4,all,all_embeds,0.9423640724946695,0.8056246545052516,0.8168806848582129,0.6990369181380418,0.9051631888710541,0.7234330157206954,0.27189625749746377,0.29294369206910514,0.2025976867437806,0.6738436062684182,basic_SFR-Embedding-Mistral_gpt4_embeddings.csv
rf,basic,SFR-Embedding-Mistral,gpt4,all,support,0.8789312366737739,0.8256633499170812,0.7843766720171215,0.6825842696629214,0.9262306046013912,0.5972089230170641,0.26613509748079617,0.28070158960667574,0.1705999553407767,0.6757413432578758,basic_SFR-Embedding-Mistral_gpt4_embeddings.csv
rf,basic,SFR-Embedding-Mistral,gpt4,all,refute,0.911980277185501,0.7566334991708127,0.7663188871054039,0.7127474585339754,0.907035848047084,0.591487694795367,0.23447798934814248,0.2520182249706518,0.24761295676182726,0.6385498245329879,basic_SFR-Embedding-Mistral_gpt4_embeddings.csv
knn,basic,SFR-Embedding-Mistral,gpt4,all,all_embeds,0.7786513859275054,0.7330016583747927,0.6546950240770466,0.7117442482611022,0.8683119315141787,0.44787644787644787,0.19258949443179363,0.19251382902325265,0.24779182453873197,0.5368998026914522,basic_SFR-Embedding-Mistral_gpt4_embeddings.csv
knn,basic,SFR-Embedding-Mistral,gpt4,all,support,0.746202025586354,0.7251243781094527,0.6286784376672017,0.7176966292134831,0.8800829320492242,0.3806536127964699,0.18571908666070625,0.16841858720854164,0.2335037153525659,0.5768373086671481,basic_SFR-Embedding-Mistral_gpt4_embeddings.csv
knn,basic,SFR-Embedding-Mistral,gpt4,all,refute,0.7619269722814499,0.6877418463239358,0.7577581594435527,0.695024077046549,0.8056447298020333,0.4463846963846964,0.1697294303109884,0.22255092547819486,0.2802310600665536,0.5732532392767492,basic_SFR-Embedding-Mistral_gpt4_embeddings.csv
logistic,inprompt,SFR-Embedding-Mistral,gpt35,all,all_embeds,0.8916577825159915,0.7755666113875069,0.7592295345104334,0.7711342964151953,0.9431514178705189,0.6726908987587149,0.23608024867019747,0.29369791227167735,0.3833234380130345,0.7334360409153737,inprompt_SFR-Embedding-Mistral_gpt35_embeddings.csv
logistic,inprompt,SFR-Embedding-Mistral,gpt35,all,support,0.8793976545842217,0.8307075732448868,0.7617710005350454,0.7997592295345104,0.9291064740502943,0.6371757787455693,0.289164406404557,0.34400516818367777,0.4572954129379464,0.7714256491589075,inprompt_SFR-Embedding-Mistral_gpt35_embeddings.csv
logistic,inprompt,SFR-Embedding-Mistral,gpt35,all,refute,0.7421375266524521,0.6174682144831398,0.6292803638309257,0.7015783841626538,0.8324638844301766,0.22329184494722262,0.14432826823249922,0.20681717572272487,0.2230213808956396,0.46915130553420215,inprompt_SFR-Embedding-Mistral_gpt35_embeddings.csv
rf,inprompt,SFR-Embedding-Mistral,gpt35,all,all_embeds,0.8532782515991472,0.8151603095632945,0.7556179775280899,0.8145398608881755,0.9010165864098448,0.5529997249417421,0.28284415479142844,0.320942370437349,0.4027520064133855,0.6155241334965901,inprompt_SFR-Embedding-Mistral_gpt35_embeddings.csv
rf,inprompt,SFR-Embedding-Mistral,gpt35,all,support,0.8636727078891259,0.7755666113875068,0.734951845906902,0.8323301230604603,0.9129213483146067,0.6025041768362913,0.2045049105166153,0.28642591578157667,0.39419438391732337,0.7084790297397393,inprompt_SFR-Embedding-Mistral_gpt35_embeddings.csv
rf,inprompt,SFR-Embedding-Mistral,gpt35,all,refute,0.716950959488273,0.6311498065229408,0.5617308721241304,0.678705189941145,0.7754146602461209,0.1532449015391042,0.12497770672085547,0.10580180215202607,0.14056757354977306,0.18063213306924455,inprompt_SFR-Embedding-Mistral_gpt35_embeddings.csv
knn,inprompt,SFR-Embedding-Mistral,gpt35,all,all_embeds,0.7585287846481876,0.6200248756218906,0.6427902621722846,0.7796950240770465,0.8953986088817549,0.39118989118989117,0.14938365083782212,0.1791693985776478,0.3323530018710103,0.47252984998142383,inprompt_SFR-Embedding-Mistral_gpt35_embeddings.csv
knn,inprompt,SFR-Embedding-Mistral,gpt35,all,support,0.6531183368869936,0.6765478164731895,0.69348582129481,0.7266586409844837,0.8844970572498663,0.23342985842985842,0.16370394849040446,0.23462381105269092,0.3166098234335107,0.5932045522189956,inprompt_SFR-Embedding-Mistral_gpt35_embeddings.csv
knn,inprompt,SFR-Embedding-Mistral,gpt35,all,refute,0.626865671641791,0.6310116086235489,0.5821294810058856,0.6564339218833601,0.7506688068485821,0.27391677391677394,0.1271519930947897,0.12654797135426676,0.19300525140718844,0.31111932060959974,inprompt_SFR-Embedding-Mistral_gpt35_embeddings.csv
logistic,rag,ember-v1,gpt35,WP,all_embeds,0.8094250967385296,0.7526257600884466,0.735553772070626,0.7489299090422687,0.8249063670411986,0.43048013591300255,0.270610076029633,0.32351656680403107,0.41699993934233465,0.38531022041576407,rag_ember-v1_gpt35_WP_embeddings.csv
logistic,rag,ember-v1,gpt35,WP,support,0.8279436152570481,0.7629906025428415,0.7090690208667737,0.7300695559122525,0.7895933654360621,0.44431126290501466,0.32620317826419215,0.2939766798441664,0.3771215720616963,0.3410222996764341,rag_ember-v1_gpt35_WP_embeddings.csv
logistic,rag,ember-v1,gpt35,WP,refute,0.529228855721393,0.564607517965727,0.5385232744783306,0.6427902621722846,0.5987158908507224,0.12903987571654468,0.20953844711447236,0.17726930831790916,0.24654485747648341,0.29924516077307495,rag_ember-v1_gpt35_WP_embeddings.csv
rf,rag,ember-v1,gpt35,WP,all_embeds,0.7922194582642345,0.8215865118850193,0.7703986088817549,0.6898073836276083,0.877207062600321,0.43699438337331664,0.2708544737920364,0.3099049221836607,0.3834491700924599,0.4981791060647597,rag_ember-v1_gpt35_WP_embeddings.csv
rf,rag,ember-v1,gpt35,WP,support,0.8119817578772802,0.8212410171365395,0.7660513643659711,0.7489967897271268,0.8979400749063671,0.4331466747734673,0.3515446940261231,0.27239872565732176,0.3346209692332456,0.5695400173922072,rag_ember-v1_gpt35_WP_embeddings.csv
rf,rag,ember-v1,gpt35,WP,refute,0.472705914870094,0.4438225538971807,0.46522204387372934,0.4744515783841627,0.404828785446763,0.08627835365917187,0.07986903107709607,0.08708344122645187,0.0889466226322567,0.07843800590124778,rag_ember-v1_gpt35_WP_embeddings.csv
knn,rag,ember-v1,gpt35,WP,all_embeds,0.5588723051409619,0.7549060254284136,0.7404360620652756,0.7405029427501337,0.8173488496522205,0.12734881774429796,0.22739269249201816,0.269113331002663,0.31331437235911314,0.36869972005088436,rag_ember-v1_gpt35_WP_embeddings.csv
knn,rag,ember-v1,gpt35,WP,support,0.640547263681592,0.7420536207849642,0.7441144997324773,0.7338148742643125,0.877207062600321,0.19145173176123803,0.2186604994027554,0.2809597104088629,0.3915156239325467,0.5221182853555736,rag_ember-v1_gpt35_WP_embeddings.csv
knn,rag,ember-v1,gpt35,WP,refute,0.535171365395246,0.6431039248203426,0.6039994649545212,0.597980203317282,0.6411182450508294,0.13412847876124712,0.19639575741270657,0.16573568331550204,0.15003989654413386,0.29030866583921705,rag_ember-v1_gpt35_WP_embeddings.csv
logistic,rag,ember-v1,gpt4,WP,all_embeds,0.8820224719101124,0.8675762439807384,0.8364098448368111,0.776083467094703,0.8906921903176584,0.4495501880576713,0.39738548962332326,0.3501015333293533,0.33770578791069356,0.6219825572509692,rag_ember-v1_gpt4_WP_embeddings.csv
logistic,rag,ember-v1,gpt4,WP,support,0.8812199036918138,0.8321294810058855,0.8365436062065276,0.7438469769930444,0.9133028159245389,0.4714887377725734,0.34367111581520315,0.32825152382680534,0.34774173468839054,0.606477177553227,rag_ember-v1_gpt4_WP_embeddings.csv
logistic,rag,ember-v1,gpt4,WP,refute,0.8059122525414659,0.7593632958801497,0.7203049759229535,0.7457196361690744,0.7409488139825218,0.24053013508621485,0.27073916913485785,0.27665937788390876,0.25337768726869864,0.30439395678777176,rag_ember-v1_gpt4_WP_embeddings.csv
rf,rag,ember-v1,gpt4,WP,all_embeds,0.858681112894596,0.8449705724986625,0.8611556982343499,0.7350187265917604,0.9278679428492161,0.5230563825286515,0.3932477337297069,0.40943083008054704,0.3934569386995742,0.6659120756396193,rag_ember-v1_gpt4_WP_embeddings.csv
rf,rag,ember-v1,gpt4,WP,support,0.8527956126270734,0.8587479935794543,0.8166131621187801,0.7544141252006421,0.9012345679012345,0.5372804977985132,0.36785062945362457,0.354503342536296,0.36721347547314964,0.6548763500330936,rag_ember-v1_gpt4_WP_embeddings.csv
rf,rag,ember-v1,gpt4,WP,refute,0.8404226859283038,0.7109416800428037,0.7790930979133226,0.6494783306581059,0.8455402968511582,0.2608531755765724,0.16578646389712734,0.2164427255137229,0.20221449404195585,0.2773535050631561,rag_ember-v1_gpt4_WP_embeddings.csv
knn,rag,ember-v1,gpt4,WP,all_embeds,0.6432584269662921,0.718900481540931,0.7431112894596041,0.7559523809523809,0.8494243306977389,0.2251210653753027,0.25260302835336357,0.40900836591211587,0.40188701899025475,0.5865967157190265,rag_ember-v1_gpt4_WP_embeddings.csv
knn,rag,ember-v1,gpt4,WP,support,0.6664660246120919,0.7951444622792937,0.7576912787586946,0.7744114499732477,0.8675267027326954,0.22072235673930587,0.2975021023236013,0.29844255824885363,0.46900741695146747,0.7164445391958618,rag_ember-v1_gpt4_WP_embeddings.csv
knn,rag,ember-v1,gpt4,WP,refute,0.6110888175494917,0.7001738897806313,0.778959336543606,0.6787720706260032,0.7971979470106811,0.22594834543987088,0.21068401937046005,0.33109690813061166,0.3279702464790059,0.5320210449483301,rag_ember-v1_gpt4_WP_embeddings.csv
logistic,inprompt,ember-v1,gpt35,all,all_embeds,0.8260927505330491,0.7359038142620231,0.6904761904761905,0.7161583734617442,0.8788121990369181,0.3974909335773454,0.20815988653480805,0.21405451666317038,0.283330488461446,0.48367979587468324,inprompt_ember-v1_gpt35_embeddings.csv
logistic,inprompt,ember-v1,gpt35,all,support,0.7961087420042644,0.7838584853510226,0.7002407704654896,0.7152220438737292,0.8374799357945425,0.43877979360949665,0.2675545307697188,0.22155942866499487,0.34019264501734414,0.43029888435395,inprompt_ember-v1_gpt35_embeddings.csv
logistic,inprompt,ember-v1,gpt35,all,refute,0.6878997867803838,0.59742951907131,0.5531701444622794,0.63884430176565,0.8200240770465489,0.15085997756529665,0.1479048327135272,0.12861648286600763,0.24466341319283325,0.4074226890173515,inprompt_ember-v1_gpt35_embeddings.csv
rf,inprompt,ember-v1,gpt35,all,all_embeds,0.8550772921108742,0.7934632393587617,0.6828517924023542,0.7282637774210808,0.8595505617977528,0.5050132244760444,0.37940809707288004,0.22325999926168663,0.38062687159721936,0.4797373257116189,inprompt_ember-v1_gpt35_embeddings.csv
rf,inprompt,ember-v1,gpt35,all,support,0.8352878464818763,0.8248341625207297,0.7802969502407704,0.7849117174959872,0.8836944890315677,0.5042961514235917,0.35167381329562203,0.36887724483416534,0.3340374764321389,0.5409732698040381,inprompt_ember-v1_gpt35_embeddings.csv
rf,inprompt,ember-v1,gpt35,all,refute,0.6934968017057569,0.6630044223327803,0.5565810593900481,0.6516185125735687,0.7746789727126806,0.1493499953352897,0.13984042544692832,0.10178806202191087,0.13426364033238686,0.174263318938666,inprompt_ember-v1_gpt35_embeddings.csv
knn,inprompt,ember-v1,gpt35,all,all_embeds,0.7657249466950958,0.7203565505804312,0.6689406099518459,0.7230470840021401,0.8523274478330658,0.4129895201323773,0.20996934688678173,0.23342811700951566,0.2680252892117299,0.5672478815364113,inprompt_ember-v1_gpt35_embeddings.csv
knn,inprompt,ember-v1,gpt35,all,support,0.7825826226012794,0.8229684908789386,0.7507356875334403,0.7140850722311396,0.8736623863028359,0.4347812097812097,0.3152855376742157,0.2882456030761115,0.3399172269319891,0.5641310761592773,inprompt_ember-v1_gpt35_embeddings.csv
knn,inprompt,ember-v1,gpt35,all,refute,0.6245335820895522,0.6183665008291874,0.5987827715355805,0.6471375066880685,0.7520733012306047,0.24989839463523672,0.16268496099004573,0.1643237983431688,0.2557597769462176,0.37688832051725507,inprompt_ember-v1_gpt35_embeddings.csv
logistic,basic,ember-v1,gpt4,all,all_embeds,0.914045842217484,0.7791597567716971,0.7945425361155698,0.7645799892990903,0.8955323702514715,0.5953688050696375,0.22102871491417012,0.35563037537312836,0.3497585979789833,0.5702933605432958,basic_ember-v1_gpt4_embeddings.csv
logistic,basic,ember-v1,gpt4,all,support,0.8948560767590619,0.8026533996683249,0.8020331728196897,0.8144729802033174,0.9248261102193687,0.5135131836060813,0.22456048083971053,0.32348851747964025,0.41152343036823724,0.6783485437853022,basic_ember-v1_gpt4_embeddings.csv
logistic,basic,ember-v1,gpt4,all,refute,0.8963219616204692,0.7048092868988391,0.7081326912787588,0.6678705189941145,0.8468432316746923,0.49934275272760154,0.18645914716476247,0.25625568400775117,0.2858313449102081,0.41823220217004947,basic_ember-v1_gpt4_embeddings.csv
rf,basic,ember-v1,gpt4,all,all_embeds,0.8282249466950959,0.7685876174682145,0.7543472445157839,0.6522204387372926,0.919275013376137,0.5211012527960162,0.2755971491415079,0.34043976544109644,0.2646209109711964,0.5602331851544036,basic_ember-v1_gpt4_embeddings.csv
rf,basic,ember-v1,gpt4,all,support,0.8519456289978677,0.7960199004975125,0.7215088282504013,0.7491305510968432,0.9111824505082932,0.48556892182693434,0.24489665796224364,0.2562501553371865,0.33978810303046536,0.5804549723285002,basic_ember-v1_gpt4_embeddings.csv
rf,basic,ember-v1,gpt4,all,refute,0.8072361407249466,0.7459231619679381,0.8158105939004815,0.7127474585339754,0.8850989834135901,0.44967372346057305,0.24961849269678243,0.34792545210123127,0.2610273807226134,0.5652627241347201,basic_ember-v1_gpt4_embeddings.csv
knn,basic,ember-v1,gpt4,all,all_embeds,0.6865671641791046,0.7373548922056384,0.7332798287854467,0.6869315141787051,0.870585874799358,0.2785438499724214,0.23713733236791967,0.24316385833856557,0.33201125473629767,0.6104015334947539,basic_ember-v1_gpt4_embeddings.csv
knn,basic,ember-v1,gpt4,all,support,0.6188699360341151,0.7367330016583747,0.7434456928838951,0.7304039593365437,0.8965355805243446,0.26011415141849925,0.19054456999372252,0.30751629712172357,0.36131441397330666,0.6928057664332842,basic_ember-v1_gpt4_embeddings.csv
knn,basic,ember-v1,gpt4,all,refute,0.7065565031982943,0.691542288557214,0.6843900481540931,0.7032504012841092,0.8333333333333334,0.33762148848355744,0.1876020087884495,0.21625808187317208,0.33706083574186035,0.5869156267461352,basic_ember-v1_gpt4_embeddings.csv
logistic,rag,SFR-Embedding-Mistral,gpt4,WP,all_embeds,0.8833600856072766,0.8160781166399144,0.8341359015516319,0.8318619582664526,0.9463171036204744,0.5886718964141403,0.29422385983577143,0.3956312734194637,0.39113774372610505,0.7591561796186369,rag_SFR-Embedding-Mistral_gpt4_WP_embeddings.csv
logistic,rag,SFR-Embedding-Mistral,gpt4,WP,support,0.9264312466559658,0.8055109684323168,0.8362760834670947,0.8342696629213484,0.9356360105423775,0.6327922553294396,0.2552820142622935,0.4610817655810253,0.4305493113834943,0.7011281878881179,rag_SFR-Embedding-Mistral_gpt4_WP_embeddings.csv
logistic,rag,SFR-Embedding-Mistral,gpt4,WP,refute,0.7921348314606741,0.7387640449438202,0.7794275013376137,0.8154093097913322,0.891177694548481,0.26405312907113454,0.23408492472517659,0.28700937398946547,0.36862423695093255,0.5501999642132117,rag_SFR-Embedding-Mistral_gpt4_WP_embeddings.csv
rf,rag,SFR-Embedding-Mistral,gpt4,WP,all_embeds,0.8549357945425361,0.8229668271803103,0.8470438737292669,0.7859818084537186,0.9261339991677071,0.5522783834099506,0.2881041711692133,0.4011674344029045,0.3503260907484741,0.7330077895617833,rag_SFR-Embedding-Mistral_gpt4_WP_embeddings.csv
rf,rag,SFR-Embedding-Mistral,gpt4,WP,support,0.8619582664526485,0.821896736222579,0.8310593900481541,0.8004280363830925,0.9458315993896519,0.49603874281973376,0.305760769591923,0.38316547766763703,0.46888455788773964,0.7596480242325927,rag_SFR-Embedding-Mistral_gpt4_WP_embeddings.csv
rf,rag,SFR-Embedding-Mistral,gpt4,WP,refute,0.8190877474585339,0.7081995719636168,0.8262439807383628,0.7108747993579454,0.8791094465251769,0.2495376172782913,0.16104443839394217,0.32381411521477804,0.29249962647821337,0.2988479956198773,rag_SFR-Embedding-Mistral_gpt4_WP_embeddings.csv
knn,rag,SFR-Embedding-Mistral,gpt4,WP,all_embeds,0.6502808988764045,0.7053237025147138,0.8419609416800428,0.7209069020866774,0.9266888611457899,0.28583535108958835,0.19236555353649634,0.3370721253057764,0.30395357937730816,0.5835828046145507,rag_SFR-Embedding-Mistral_gpt4_WP_embeddings.csv
knn,rag,SFR-Embedding-Mistral,gpt4,WP,support,0.6480738362760834,0.7055243445692884,0.852728731942215,0.7388309256286786,0.9470800388403384,0.2608353510895884,0.18245156673675467,0.3657637458556639,0.29297183723258174,0.7071297498651048,rag_SFR-Embedding-Mistral_gpt4_WP_embeddings.csv
knn,rag,SFR-Embedding-Mistral,gpt4,WP,refute,0.6474719101123595,0.7116104868913857,0.7267924023542001,0.6806447298020332,0.8024691358024691,0.24297820823244554,0.172275570474723,0.22652193981031504,0.30409824718940054,0.5430441358191769,rag_SFR-Embedding-Mistral_gpt4_WP_embeddings.csv
